{"cameraMode":{"drawMode":0,"name":"Shaded","section":"Shading Mode"},"sceneLighting":false,"audioPlay":false,"sceneViewState":{"m_AlwaysRefresh":false,"showFog":true,"showSkybox":true,"showFlares":true,"showImageEffects":true,"showParticleSystems":true,"showVisualEffectGraphs":true,"m_FxEnabled":true},"in2DMode":false,"pivot":{"x":-14.083898544311524,"y":1.9020456075668336,"z":107.23932647705078},"rotation":{"x":0.005099301692098379,"y":0.019491072744131089,"z":0.00007456492312485352,"w":-0.9998098611831665},"size":60.33754348754883,"orthographic":false}